,NADH_tm,NADH_a1,NADH_t1,NADH_t2,FAD_tm,FAD_a1,FAD_t1,FAD_t2,Norm_RR,Cell_Size_Pix,activation_label,Activation,prediction_random_forest,prediction_logistic_regression,prediction_SVC
198,1404.078212,52.44474551,448.0878652,2476.824045,623.0927884,78.3728736,140.614932,2374.590449,0.931794417,178,0,CD69-,0,0,0
1078,927.8313546,74.13999538,414.3403385,2396.404,662.689963,77.47199385,219.0827569,2202.543231,1.306884349,65,1,CD69+,1,1,1
55,1409.52611,52.69961373,474.5561569,2451.303333,709.7158389,78.67134706,187.0100392,2685.288039,1.021482809,51,0,CD69-,0,0,0
834,1059.120112,62.42737,272.4984,2367.078,627.1888412,79.9496,196.3966,2362.532,1.200108275,10,0,CD69-,0,0,0
359,797.6115816,78.057135,423.0996333,2131.9085,693.5759047,74.26220333,223.4071,2071.279667,1.11537577,60,1,CD69+,1,1,1
1209,1080.45593,69.05677857,415.4645714,2571.561429,717.9237235,81.09095,313.8388571,2502.553571,1.39345141,14,1,CD69+,1,0,0
713,1322.667062,55.83609279,387.1144505,2509.107477,927.969213,70.01558468,233.559,2577.174234,0.927382563,111,0,CD69-,0,0,0
950,1167.822488,60.6218609,299.3418654,2507.333141,784.07907,72.55616603,207.2120885,2330.643205,0.913379528,156,0,CD69-,0,0,0
1116,878.582013,72.48748347,374.3619669,2207.969587,833.5248239,73.0805438,299.447124,2292.420083,1.113096557,121,1,CD69+,1,1,1
692,1219.211265,57.54451373,337.3888137,2419.106176,736.2849187,75.55591765,215.1662284,2359.040098,0.920326627,102,0,CD69-,0,0,0
1032,1073.380458,67.91727636,413.4690545,2475.108727,573.5118581,80.38242909,206.7741582,2115.661636,1.244666472,55,1,CD69+,1,1,1
658,1138.898026,56.35721351,277.3714595,2254.734054,872.8097084,70.74909459,257.8205405,2383.99,0.86970521,37,0,CD69-,0,0,0
801,1320.466483,53.51148947,328.1786316,2463.859474,979.8376422,76.40393158,331.0582105,3156.741053,1.194221885,19,0,CD69-,0,0,0
5,1364.821378,58.32000222,515.6607333,2554.446444,701.0054074,76.40934889,185.5394489,2377.305778,0.939221257,45,0,CD69-,0,0,0
695,1214.986341,58.39883784,328.0601081,2463.254459,722.2679668,76.83617568,206.4705797,2442.398784,1.076250638,74,0,CD69-,0,0,0
271,1392.463212,55.93283647,433.0837412,2613.298824,673.1318532,79.57645647,236.5094388,2385.824588,1.02552961,85,0,CD69-,0,0,0
269,1362.891456,56.62505357,383.3896786,2644.558214,518.1427559,83.96246786,172.0715429,2322.17,1.136128203,28,0,CD69-,0,0,0
1036,973.6794116,73.99944186,451.8864651,2459.966279,761.4281846,78.60543256,315.3295302,2473.144186,1.374960098,43,1,CD69+,1,1,1
231,1003.076529,71.04487283,444.611422,2379.444566,595.1741931,79.0341711,195.2610746,2108.716647,1.059362518,173,0,CD69-,0,1,1
319,830.83926,76.16624167,400.738625,2211.038125,515.4859622,83.7477875,222.6112688,2041.405417,1.124178585,48,1,CD69+,1,1,1
672,1347.725691,53.20525072,365.900942,2465.565725,737.0539141,74.78515145,197.0632928,2349.417971,0.891043808,138,0,CD69-,0,0,0
458,967.8432334,72.57289537,431.3830833,2394.98287,487.5093467,82.54807315,173.568012,1983.549074,1.137482547,108,1,CD69+,1,1,1
328,879.3857469,72.51241518,412.3729791,2118.184188,686.1247532,75.15886021,236.8990105,2055.079215,1.025110546,191,1,CD69+,1,1,1
924,1222.314448,58.11413529,329.5197059,2463.569412,765.8859858,74.66436471,234.9812059,2353.965294,1.093664381,34,0,CD69-,0,0,0
833,1099.426494,60.86350435,263.6783043,2400.924348,788.7774921,75.6007087,233.6318696,2563.234783,0.989460866,23,0,CD69-,0,0,0
18,1397.176952,52.90790714,449.0921429,2464.146667,522.36754,81.41869524,148.1188762,2168.295714,0.88937483,42,0,CD69-,0,0,0
554,835.0628522,75.00481667,411.9378333,2114.668889,559.6786598,75.13024444,175.6139444,1732.958333,1.103732517,18,1,CD69+,1,1,1
184,907.1510737,72.59872609,328.3671652,2457.155435,267.0316183,89.87066304,57.43525652,2126.081087,0.835180886,46,0,CD69-,1,0,1
39,1374.79327,54.84410196,421.7983529,2537.98451,672.6991946,77.74813529,193.2010255,2361.757843,1.024596868,51,0,CD69-,0,0,0
45,1300.093688,52.35524231,357.9160769,2336.766731,738.7593402,75.55141538,180.7588269,2469.628846,1.028163415,52,0,CD69-,0,0,0
731,1436.914907,66.560275,593.62375,3125.015,919.6886827,78.76325,395.5795,3212.4525,1.118114747,4,0,CD69-,0,0,0
364,734.7259923,80.5034625,407.2092917,2093.695,537.1410396,80.8765875,200.9784167,1984.371458,1.128000001,48,1,CD69+,1,1,1
571,1174.812662,56.7940175,324.728925,2294.61125,812.7904387,75.6412525,259.1385125,2550.39725,1.139646832,40,0,CD69-,0,0,0
1140,1032.967899,69.948505,416.984975,2472.35675,748.7088623,79.8175875,298.513175,2711.24225,1.354835946,40,1,CD69+,1,0,0
393,1334.248939,55.74742895,404.8590789,2526.994737,614.9661417,76.79606579,159.5396868,2141.470263,1.096207765,38,1,CD69+,0,0,0
333,806.4664877,79.43739024,421.4948537,2309.499756,648.7993807,78.84925122,266.9752927,2123.331463,1.147015792,41,1,CD69+,1,1,1
342,827.4322192,73.74326,373.9387143,2111.477714,579.934228,78.18132,192.2678371,1982.211429,1.086822489,35,1,CD69+,1,1,1
1183,944.6111524,73.80928154,411.0083538,2448.058615,804.5491767,76.70545692,343.5265692,2367.376462,1.358958701,65,1,CD69+,1,1,1
969,1134.77128,58.53455789,277.7061579,2348.973158,713.1497608,79.20890526,243.1954684,2512.439474,1.190841339,19,0,CD69-,0,0,0
644,1024.453031,62.84388148,311.030963,2252.903704,578.0331138,79.55718148,160.4428481,2192.044074,1.000337189,27,0,CD69-,0,0,0
813,1040.24184,59.44719474,266.6326842,2177.038421,841.4957732,75.25193684,261.0466,2611.05,1.117155117,19,0,CD69-,0,0,0
14,1164.945718,62.79876154,370.8018077,2506.843077,526.4999862,81.36784231,156.7872231,2166.054231,0.946952444,26,0,CD69-,0,0,0
634,1254.101279,56.92598,369.348,2428.84,797.9742034,79.95066,321.8534,2912.47,1.298866473,5,0,CD69-,0,0,0
270,1515.712072,65.349275,709.79375,3159.2225,779.0480933,80.2273,343.07575,2557.085,1.100314079,4,0,CD69-,0,0,0
660,1282.094013,56.3423,335.3365238,2502.237619,1047.76712,70.05888571,419.5193619,2660.77,1.189488109,21,0,CD69-,0,0,0
815,1137.483923,60.778625,355.8732,2356.384,817.446204,73.526065,278.65085,2357.5475,1.102212039,20,0,CD69-,0,0,0
52,1161.201181,60.36170909,391.8641818,2335.197273,676.0781564,75.89967727,209.7925455,2155.578182,1.032143675,22,0,CD69-,0,0,0
436,831.6313242,73.65735811,371.1412297,2126.909662,621.3730554,77.07655405,209.6201081,2008.156554,0.841943329,148,1,CD69+,1,1,1
1189,1356.750342,53.90747143,307.4698929,2587.245714,600.0879562,79.50150714,183.6990464,2205.176786,1.234289753,28,1,CD69+,0,0,0
438,858.5820549,74.11744815,429.4757407,2120.55037,751.5043163,75.61256667,283.5942963,2201.892593,1.077161579,27,1,CD69+,1,1,1
678,1326.37016,56.12704681,373.1399681,2545.797872,775.085296,75.00918617,236.9701383,2414.056489,0.88116759,94,0,CD69-,0,0,0
487,873.9742408,72.98077679,390.9520179,2190.632679,551.1141472,78.45772143,186.4781429,1881.603393,0.777633454,56,1,CD69+,1,1,1
141,1190.298089,58.95224,293.852,2479.546,689.2057599,77.61244,211.666,2363.086,1.177019515,5,0,CD69-,0,0,0
783,1212.575568,54.91992623,350.2670492,2267.81918,772.2994827,73.62001639,195.7308836,2389.868525,0.710984506,61,0,CD69-,0,0,0
202,1222.141274,57.54161765,380.5460588,2388.464118,363.7304433,89.0659,111.0631412,2437.005882,1.096911869,17,0,CD69-,0,0,0
981,1268.876922,56.22258293,336.2699268,2472.175366,926.4038698,70.73979756,289.1528293,2525.577317,1.086580396,41,0,CD69-,0,0,0
420,881.8084209,74.23876429,430.0038571,2185.755,533.9622987,79.62592857,164.1811429,1981.097857,1.116055058,14,1,CD69+,1,1,1
1151,987.3944758,69.35670417,413.7465,2289.631667,715.4812084,73.71106667,228.1475833,2087.720833,1.068023511,24,1,CD69+,1,1,1
1017,793.4768922,77.75923507,379.1894627,2245.041119,772.7682429,76.38974478,296.1582739,2354.539403,1.350654008,134,0,CD69-,1,1,1
224,1256.02965,58.11345403,430.6044435,2409.30121,563.4089166,80.17881129,182.0333581,2119.53629,1.020805717,124,0,CD69-,0,0,0
1145,841.8433676,78.43068387,413.5536129,2402.108387,687.2665016,81.01475806,320.0924194,2304.913226,1.446246214,31,1,CD69+,1,1,1
1058,850.6958036,74.18578172,390.625086,2164.363441,770.4972149,76.97559785,331.0087527,2271.727312,1.27724082,93,1,CD69+,1,1,1
856,990.7452862,65.04624091,279.3357273,2313.89,825.7352274,73.19840909,304.5001591,2253.522727,0.886941931,22,0,CD69-,0,1,0
1062,974.6091879,72.46872137,422.9276838,2431.610256,747.8868023,77.34518547,325.4016966,2221.025726,1.287013378,117,1,CD69+,1,1,1
397,818.2710229,73.49744048,378.0015,2059.766429,649.4500249,76.81362857,225.4439048,2060.720952,0.778425003,42,1,CD69+,1,1,1
1002,1226.306046,56.22817083,274.8497083,2447.500833,934.2915791,70.01741458,251.016,2539.771042,1.0077261,48,0,CD69-,0,0,0
583,1042.946055,59.95644583,233.5172083,2257.02375,645.8780351,77.41624583,146.43945,2373.162917,0.838080893,24,0,CD69-,0,0,0
464,750.0921549,79.45698088,413.2205882,2065.515588,486.4338046,82.60069118,158.3044926,2092.114706,1.154743156,68,1,CD69+,1,1,1
298,1488.66885,56.51828941,522.4469529,2808.663059,819.2162518,71.79926118,163.0195329,2492.715765,0.673019203,85,0,CD69-,0,0,0
152,1353.016511,49.38907091,372.1588909,2311.137455,844.2578785,73.18302182,249.4802727,2505.703273,0.904600485,55,0,CD69-,0,0,0
702,1297.822557,52.20485417,331.7420417,2350.59875,933.6917501,70.71660833,318.8237917,2530.504167,1.104207843,24,0,CD69-,0,0,0
108,1471.614235,55.825725,520.0035,2675.03,518.8398972,78.8487,142.06895,1913.08,1.156045565,4,0,CD69-,0,0,0
671,1270.04772,53.84402857,321.6394286,2379.932,772.1315719,74.95566,222.9450943,2424.079714,0.959978799,35,0,CD69-,0,0,0
922,1245.895819,55.21672658,308.3800759,2407.356582,820.5858712,72.03546076,228.4216253,2358.288861,0.922902044,79,0,CD69-,0,0,0
482,804.293768,72.16195115,334.6059389,2030.365191,742.6852549,71.68737634,218.4068931,2070.57313,0.607920491,131,1,CD69+,1,1,1
1029,950.0506436,68.89367037,387.5494074,2199.899259,716.6054168,81.24506667,348.9461296,2337.015926,1.294161879,27,1,CD69+,1,1,1
1174,822.6828215,77.52665165,401.246044,2268.193187,720.187025,78.05101758,301.7278527,2254.645495,1.277140734,91,1,CD69+,1,1,1
1099,1127.393513,68.15275455,481.7283455,2512.904,627.4801748,78.62050909,246.6499273,2070.930545,1.243282278,55,1,CD69+,1,1,1
1203,1144.876628,67.67285854,449.142561,2605.463902,661.7480858,79.61692683,255.5693415,2288.582927,1.416041763,41,1,CD69+,1,0,0
204,1163.848409,61.42736667,350.3636667,2465.767333,294.9335971,87.78038667,73.82709333,1907.969333,1.103701128,15,0,CD69-,0,0,0
425,924.3235247,73.71737609,430.4685652,2320.375978,631.8221929,75.7625163,202.3249565,1978.694891,0.946180201,92,1,CD69+,1,1,1
529,875.1610044,72.31621333,400.5743111,2131.799778,489.091024,82.06624444,183.6006889,1898.693111,1.043998586,45,1,CD69+,1,1,1
1089,985.8874834,71.7573,421.0608889,2435.04,826.6345532,75.20458333,368.5023556,2244.705,1.353556823,18,1,CD69+,1,1,1
461,938.4858383,70.60179189,448.5183243,2123.127027,579.7487575,78.14470541,197.114873,1945.651081,1.151081166,37,1,CD69+,1,1,1
864,1157.145085,63.43584615,371.6853077,2522.341154,831.5517125,74.23491538,278.8867115,2478.530769,1.070293527,26,0,CD69-,0,0,0
8,1355.620631,51.61610476,491.518619,2312.29381,513.2774817,83.05525714,169.0996667,2212.381429,0.968941303,21,0,CD69-,0,0,0
608,1190.106007,58.61550299,302.7561791,2445.558358,691.0804534,75.78135075,177.7941806,2302.936418,0.803119385,67,0,CD69-,0,0,0
161,1534.792332,44.49116667,460.1526667,2396.123333,409.9108512,82.53543333,103.94,1857.853333,1.146469314,3,1,CD69+,0,0,0
501,938.255525,75.19574324,484.9694595,2317.538108,504.4849758,81.38527568,195.5656757,1880.047838,1.107058252,37,1,CD69+,1,1,1
1104,923.4388099,71.61875862,392.4045862,2263.837586,719.1033866,76.4078931,254.0845172,2250.537241,1.340020955,29,1,CD69+,1,1,1
1061,1109.942953,67.34207241,438.8788621,2507.723103,595.4009985,78.31915862,199.5786448,2043.432759,1.216288334,29,1,CD69+,1,1,0
892,1147.823193,60.01692866,297.9487325,2422.314904,802.0803101,70.9125707,176.848514,2340.105605,0.849009857,157,0,CD69-,0,0,0
717,1134.747452,61.51808298,320.9408298,2437.38383,860.8418931,75.33705957,304.4948596,2580.407234,0.984896914,47,0,CD69-,0,0,0
478,821.208901,75.01096667,382.8955111,2145.928889,573.0571028,77.01260444,199.8301111,1834.906444,0.82512825,45,1,CD69+,1,1,1
356,793.8572541,74.82603117,344.2615325,2132.20961,691.5697353,75.32045195,215.3182727,2164.166623,0.966922472,77,1,CD69+,1,1,1
567,1129.956549,63.47239286,412.6317143,2372.274286,748.9394375,75.85097857,351.3401429,2092.458571,1.211919338,14,0,CD69-,0,1,1
822,1086.540523,63.53967857,315.9490179,2430.776071,941.4633392,68.093975,245.0813393,2451.771429,0.986748818,56,0,CD69-,0,0,0
722,1285.205375,52.34307204,294.3999355,2378.32,809.3467273,75.70596022,255.9905634,2556.999247,0.961149562,93,0,CD69-,0,0,0
495,940.2371044,69.10904571,413.0222857,2136.096,488.4122755,79.75068,164.8295429,1768.192,0.958318124,35,1,CD69+,1,1,1
1047,860.470502,75.90965283,408.8527925,2280.06283,690.8882142,79.45159528,266.5206085,2372.746604,1.318888472,106,1,CD69+,1,1,1
677,1144.302657,60.34046471,321.4051176,2398.883529,684.4529806,77.06646471,190.6529412,2382.385294,1.123923427,17,0,CD69-,0,0,0
399,909.3296183,71.71644231,383.1281538,2255.738077,242.3719617,88.31033846,85.15543462,1467.518462,0.98804259,26,1,CD69+,1,1,1
1115,918.9813296,71.59526765,362.1116471,2324.356176,722.6948557,77.38505,256.3442882,2325.190588,1.327958228,34,1,CD69+,1,1,1
432,854.1095428,77.76412025,444.4058987,2291.77519,533.0592259,80.6988557,224.4657722,1829.835316,1.110238738,79,1,CD69+,1,1,1
1101,940.7452793,72.56119808,396.844,2378.197308,665.4382736,79.45551538,259.9380135,2273.451731,1.353719468,52,1,CD69+,1,1,1
483,899.3402094,75.44514571,442.1380571,2338.659714,559.603109,78.17539143,203.7190857,1831.048571,0.959266933,35,1,CD69+,1,1,1
748,1259.508009,54.581435,335.93665,2374.338,875.6482304,75.02897,322.449995,2572.587,1.046129726,20,0,CD69-,0,0,0
761,1316.182237,51.42234259,324.4114074,2367.867593,964.6414328,69.29752778,320.5528944,2465.367037,0.942843963,54,0,CD69-,0,0,0
641,1153.699043,59.05688333,301.6358667,2392.429,813.5277924,72.73981333,216.2601767,2438.696,1.023840364,30,0,CD69-,0,0,0
440,1028.971583,72.0267746,477.289381,2464.435079,398.2885959,81.5190873,119.176581,1631.864127,1.096304013,63,1,CD69+,1,1,1
1170,1030.866915,70.0318725,428.258,2444.7875,695.9346015,77.6256325,303.4822625,2129.796,1.380449847,40,1,CD69+,1,1,1
523,796.6569476,77.46149105,422.3647526,2094.322211,647.6621424,78.67004579,235.4946579,2174.847526,0.990769064,190,1,CD69+,1,1,1
142,1447.96813,56.11773143,477.4142857,2694.424286,737.8005736,75.46613143,202.2713257,2388.795714,0.895704183,35,0,CD69-,0,0,0
124,1332.958342,51.13891,324.16225,2390.8025,723.049481,77.01583,226.97505,2388.494,1.140039888,20,0,CD69-,0,0,0
837,1084.99121,59.29070308,283.0605846,2257.191385,757.7804826,73.85317077,218.6899431,2310.766923,1.050684557,65,0,CD69-,0,0,0
186,1061.212688,67.90011976,456.0012455,2353.161916,478.6980741,81.94145629,161.4696647,1919.450898,1.065414092,167,0,CD69-,0,1,1
811,1052.745618,63.58424257,322.0653762,2330.299802,830.537453,70.6703495,226.6785446,2292.584158,0.805996604,101,0,CD69-,0,0,0
903,1165.791196,60.4688375,310.0817083,2474.764167,897.6435482,74.93010833,351.1615813,2550.5925,1.197804983,48,0,CD69-,0,0,0
728,1389.445874,52.37612756,380.0523526,2499.601538,730.0941363,74.87843141,194.2187622,2329.262436,0.950954065,156,0,CD69-,0,0,0
656,1222.873955,58.24043481,365.7282963,2426.138296,855.9766523,70.92092889,230.9675578,2401.87963,0.849862168,135,0,CD69-,0,0,0
75,1259.589707,59.75750588,439.627,2483.413529,558.5568325,82.16748235,132.8796353,2519.832941,0.984394831,17,0,CD69-,0,0,0
552,891.9735196,71.90088746,418.5043254,2112.018339,559.7944928,78.04406746,189.6063566,1889.781898,1.078907457,295,1,CD69+,1,1,1
486,829.2895904,76.50302548,421.3135605,2176.547516,569.7030104,79.87844968,199.5474045,2079.91535,0.925194348,157,1,CD69+,1,1,1
863,1072.223547,62.14200854,315.3642195,2321.457927,867.1336639,69.90574268,236.0408244,2355.980122,0.856333579,82,0,CD69-,0,0,0
913,1090.703308,61.84447842,308.0264421,2351.616158,667.9116454,76.73992,192.8590621,2251.16,1.050439233,190,0,CD69-,0,0,0
303,1527.53033,49.96435182,432.2494015,2629.513723,787.3812814,78.37507883,312.7401058,2511.652336,1.105496504,137,0,CD69-,0,0,0
844,1214.607763,55.24618571,272.4862381,2382.022381,854.2555382,71.72442857,239.2050952,2414.884762,0.866451302,21,0,CD69-,0,0,0
808,1377.784254,52.08098333,366.2650556,2477.970556,825.4796858,77.47235556,370.80835,2413.696667,1.199200649,18,0,CD69-,0,0,0
500,852.8013598,77.18788864,451.9220909,2238.386818,486.4882903,82.68846364,172.9068841,1999.281591,0.944215137,44,1,CD69+,1,1,1
194,1294.494695,56.21139273,353.9079636,2505.344818,532.6463608,81.63050727,122.2494909,2355.990273,0.882938595,110,0,CD69-,0,0,0
233,1378.705886,53.04162609,385.50775,2507.809457,593.2704491,81.61924565,192.8871402,2363.815326,1.061591372,92,0,CD69-,0,0,0
858,1279.081781,54.05296923,325.047,2406.777308,606.2074987,79.54570769,198.8710462,2190.115385,1.009180487,26,0,CD69-,0,0,0
211,899.4248461,73.13614353,431.8197629,2176.831552,504.294558,82.80169914,154.3770754,2183.277716,1.098792871,232,0,CD69-,1,1,1
966,1140.169455,58.79528829,270.5140901,2382.649459,908.2486327,70.3629036,291.9584604,2387.506216,0.906419611,111,0,CD69-,0,0,0
541,892.6161202,74.34682603,436.2263562,2224.11726,432.1377964,83.14098356,173.2408493,1723.661644,1.120086509,73,1,CD69+,1,1,1
156,1469.611064,50.03528413,455.7632698,2490.537619,764.207675,75.58784127,202.1495524,2495.138413,1.031538278,63,0,CD69-,0,0,0
1081,1050.375931,71.43059111,452.9747556,2546.151111,765.8935606,77.51763333,301.2298667,2401.186889,1.353981395,45,1,CD69+,1,1,0
367,872.6146222,74.41006507,414.1536364,2209.16445,608.7489569,77.8782823,197.6315569,2056.765646,1.060467598,209,1,CD69+,1,1,1
34,1217.564537,54.47396818,316.513,2296.844773,613.4287787,79.58339545,141.5693523,2467.224773,1.022469044,44,0,CD69-,0,0,0
408,927.4397921,70.00444839,420.8153226,2115.514839,505.8293802,80.29513226,154.0340968,1943.522581,0.891390394,31,1,CD69+,1,1,1
991,1239.851329,57.40382837,314.1701383,2494.498121,925.373355,69.75570213,252.1741113,2494.505213,1.02306408,282,0,CD69-,0,0,0
629,1306.417249,54.47725,359.1216,2438.8135,779.9744995,75.583255,262.051595,2426.61,0.958530653,20,0,CD69-,0,0,0
741,1348.834451,54.37386512,376.9716512,2515.938605,913.7803592,71.38599302,292.4732,2495.044186,0.941024386,43,0,CD69-,0,0,0
818,1054.49774,62.05302105,325.6421842,2247.858289,903.5965111,68.71520132,226.7466316,2399.704474,0.863337909,76,0,CD69-,0,0,0
687,1235.649023,56.98051273,331.5112364,2433.548,831.8663773,72.74568545,250.0233745,2416.909091,1.118657913,55,0,CD69-,0,0,0
1057,804.3138046,78.63404198,415.9490864,2232.589012,654.6149537,79.33711728,259.4810494,2248.651111,1.310501504,81,1,CD69+,1,1,1
995,1189.949679,56.92186667,275.10324,2399.0628,796.5107062,72.13416267,194.5972413,2376.648,0.945346796,75,0,CD69-,0,0,0
494,865.7724681,72.72457083,398.4704167,2121.437083,488.0150117,81.03752083,182.7712917,1805.35625,1.056653175,24,1,CD69+,1,1,1
49,1584.963467,47.51088235,441.8046471,2618.540588,827.786813,70.75931373,178.5036059,2430.396275,1.122064076,51,0,CD69-,0,0,0
984,1237.458096,55.60584222,291.1505778,2422.047667,760.5002336,74.62615111,229.4751433,2332.440222,1.060904755,90,0,CD69-,0,0,0
875,560.5405956,80.40615298,205.5991756,1945.985208,441.8068774,83.85299226,169.887433,1814.868869,0.796399539,336,0,CD69-,0,1,1
491,920.2238015,72.57156176,421.2080882,2247.705882,563.4082205,76.64695588,187.4120588,1801.447941,0.779638673,34,1,CD69+,1,1,1
466,803.6655194,75.50343516,374.1347802,2131.341978,647.69183,75.1358478,203.6393731,1998.871044,1.01226864,182,1,CD69+,1,1,1
302,1465.418173,51.90649804,453.8247157,2602.132451,454.5912971,87.76261471,168.3616725,2515.023431,1.097044929,102,0,CD69-,0,0,0
1150,887.8489449,71.44136,388.0654,2139.664,843.9066702,82.53162,471.1604,2696.672,1.413183692,5,1,CD69+,1,1,1
295,1437.613009,49.91804483,356.3273379,2517.687586,556.1791966,80.71668552,117.1463676,2420.830276,1.103174446,145,0,CD69-,0,0,0
1102,909.485319,72.15218846,375.6625,2297.645,559.9193553,79.66,187.4088885,2010.463462,1.286941619,26,1,CD69+,1,1,1
1098,788.896522,80.05849444,406.4443472,2331.119722,720.0117744,78.598275,293.8483097,2322.329722,1.376847611,72,1,CD69+,1,1,1
1010,1150.259092,59.53006697,294.0521651,2412.987064,982.6287801,68.32045413,285.0579028,2517.879817,0.94644056,109,0,CD69-,0,0,0
485,906.0533946,78.92507826,476.5167826,2590.707826,633.2495436,77.23035217,222.1076957,2026.696957,0.753087159,23,1,CD69+,1,1,1
587,1284.394395,58.50945,435.1877857,2489.329286,596.2809662,79.01407143,154.0995643,2286.796071,1.053308962,28,0,CD69-,0,0,0
338,873.8422868,73.92456585,397.3172276,2230.898943,553.9490753,81.57706098,208.7831175,2117.707317,1.165944431,246,1,CD69+,1,1,1
240,1375.467561,54.4044193,361.1575439,2593.358596,506.6753045,84.70100877,182.7649263,2267.987368,1.102331533,57,0,CD69-,0,0,0
621,1138.664343,58.64290227,274.7805,2362.806364,949.690796,70.71715682,250.9821727,2642.3625,0.939803775,44,0,CD69-,0,0,0
851,1086.159047,60.46942188,272.6643125,2331.690313,716.4966029,74.78116875,174.567625,2351.843125,0.963871558,32,0,CD69-,0,0,0
1155,964.3425859,69.32400435,369.7639565,2308.27913,615.6330913,79.50106522,244.1651304,2103.181304,1.376774934,23,1,CD69+,1,1,1
27,1468.713554,50.66981127,435.9748169,2529.524789,667.2746642,77.64682113,182.8947225,2375.091549,0.943335037,71,0,CD69-,0,0,0
390,779.2471858,78.71198649,416.6607568,2130.3,548.6714069,81.47200811,166.7982054,2235.185135,1.144573292,37,1,CD69+,1,1,1
1040,770.9401384,80.80527043,416.5381652,2259.30313,658.3817161,79.19590696,267.8778174,2193.274957,1.332372469,115,1,CD69+,1,1,1
471,870.3143308,73.73215106,403.2126436,2184.015585,618.027338,78.82738032,226.6335117,2106.034468,1.117887096,188,1,CD69+,1,1,1
1059,1044.610613,66.1349125,379.7444,2349.60875,618.9240648,79.5457925,239.8542725,2128.95425,1.315420678,40,1,CD69+,1,1,1
632,1262.218737,52.70969714,297.4035714,2339.101429,893.4861035,74.85278857,299.5945143,2702.402,1.123402843,35,0,CD69-,0,0,0
1156,840.8009219,75.581875,395.6004103,2219.184936,771.4729446,74.22833141,272.2591795,2219.337756,1.11516395,156,1,CD69+,1,1,1
760,1375.053384,53.17775,327.9,2568.792273,729.255819,76.88505,235.6142727,2395.774091,1.164162733,22,0,CD69-,0,0,0
958,1223.037227,55.40676429,296.6904762,2384.592381,1028.501545,66.95715714,275.2016929,2588.693214,0.892395353,84,0,CD69-,0,0,0
526,860.3705423,73.07237447,381.9698723,2169.934468,586.7196919,80.93264043,215.7869787,2167.218085,0.997063205,47,1,CD69+,1,1,1
506,748.6577442,80.286024,418.788,2108.8232,463.9875303,82.318232,182.5546,1785.2036,1.00987284,25,1,CD69+,1,1,1
1028,1131.986451,64.62757955,407.63825,2459.335682,651.5433977,77.89692955,247.8456886,2092.906818,1.111582885,44,1,CD69+,0,1,0
794,959.3893539,66.91453398,274.5369806,2347.250485,780.446139,74.53562233,236.3702233,2380.772039,0.8483872,103,0,CD69-,0,0,0
940,1209.348081,56.99698857,307.0389714,2416.012,865.9872698,71.16053143,262.2061714,2374.991429,1.021291096,35,0,CD69-,0,0,0
70,1411.35551,51.90468333,424.4286296,2483.227778,673.9290042,77.31905,197.0197611,2295.423519,0.863798506,54,0,CD69-,0,0,0
402,826.0377496,72.7671375,397.2320893,1983.822321,604.7847039,79.90570893,231.8812679,2091.762857,0.861204794,56,1,CD69+,1,1,1
936,1164.588671,58.60981111,271.8751852,2432.890617,846.3514583,71.1643642,231.7722111,2379.226667,0.936947797,81,0,CD69-,0,0,0
10,1425.436505,51.33267818,431.9949636,2482.421273,590.7922814,78.25086727,181.8906164,2067.778364,0.892424289,55,0,CD69-,0,0,0
712,1062.786203,67.18868817,438.1702043,2354.314731,689.2696184,81.17423763,250.0560645,2603.803226,1.192303864,93,0,CD69-,0,0,0
140,1400.993058,50.31712989,338.7851724,2478.134253,843.7669084,71.03063103,188.3465184,2455.923793,0.92539192,87,0,CD69-,0,0,0
1204,920.7978407,71.60861087,385.9996087,2269.433043,702.3523931,79.43515,309.8657609,2306.241304,1.426774135,46,1,CD69+,1,1,1
351,784.1550731,78.85024894,422.4390426,2138.773617,531.618098,79.70930213,163.242934,1977.581277,1.041390283,47,1,CD69+,1,1,1
1158,917.2711722,73.012836,378.88818,2380.1666,709.9837958,75.252108,259.00938,2106.6052,1.125441189,50,1,CD69+,1,1,1
418,878.0481195,75.97423883,432.8781602,2291.957282,537.4331163,81.20861214,199.634532,2004.639612,1.119980149,206,1,CD69+,1,1,1
31,1406.766544,54.77202143,508.8446071,2498.7175,416.7578024,85.61155714,126.9643071,2157.142857,1.054424279,28,0,CD69-,0,0,0
64,1374.166594,60.04963333,552.0128333,2643.208333,560.5963781,77.81926667,156.0061667,2039.116667,1.116613229,6,0,CD69-,0,0,0
545,901.739224,68.65792903,379.7602581,2054.602258,513.3029687,81.97570323,190.6404516,1986.498387,1.052338117,31,1,CD69+,1,1,1
159,1104.499179,66.8033625,434.6925833,2453.73375,678.3281582,79.01477917,310.9292083,2087.129583,1.179277998,24,1,CD69+,1,1,1
386,999.6922983,64.76103421,319.5788289,2262.980789,656.0988689,80.64363947,263.2002105,2318.537763,1.140237048,76,1,CD69+,0,0,0
1159,705.0409581,80.57253824,381.1439779,2043.273162,620.6732146,79.46873971,221.7666551,2189.745074,1.285937708,136,1,CD69+,1,1,1
914,1208.586473,58.35860703,312.3666875,2464.642188,855.3809651,71.97466328,248.8033555,2432.861328,1.085014661,128,0,CD69-,0,0,0
445,894.6087343,71.60694,378.5291,2202.1885,500.6104796,82.625735,192.57,1976.108,1.10182557,20,1,CD69+,1,1,1
740,1303.941533,57.29325172,382.1382759,2550.388736,769.3381357,76.58218506,276.996854,2444.548966,1.041319762,87,0,CD69-,0,0,0
751,1281.209237,55.52497037,310.2279383,2500.234198,785.55341,75.88419506,258.8093346,2462.376914,1.125051905,81,0,CD69-,0,0,0
358,883.6970766,73.33618413,402.4206984,2214.306561,509.8561565,80.97770794,165.8234815,1978.19963,1.026191928,189,1,CD69+,1,1,1
569,1133.313527,67.14200625,376.225875,2685.9125,942.66396,73.99425625,343.4052375,2744.804375,1.097431884,16,0,CD69-,0,0,0
1153,967.6182621,70.15101111,406.0073611,2296.981389,588.2467979,80.48089444,249.9679472,2011.436667,1.268751298,36,1,CD69+,1,1,1
1006,1322.880874,48.76972143,263.2002857,2339.340714,755.3997743,71.08988929,177.4168929,2189.741071,0.942621214,28,0,CD69-,0,0,0
247,1273.108766,57.20851084,363.5574699,2495.023373,691.6518087,74.52144096,177.2620205,2204.134096,0.87437316,83,0,CD69-,0,0,0
1,1410.979083,52.45396522,405.7371304,2525.048261,535.1866535,81.30983043,133.2182652,2298.641304,1.10537945,23,0,CD69-,0,0,0
431,854.6734346,74.27073333,413.5344615,2165.924359,409.1594165,84.10196923,137.9722026,1867.016923,1.060586315,39,1,CD69+,1,1,1
993,1311.226869,53.11957,345.276,2407.3305,949.7055999,69.299605,271.58825,2500.9865,0.9492256,20,0,CD69-,0,0,0
1181,862.8505667,73.88616,386.9032,2213.403,840.5652726,76.88743,369.969,2429.765,1.316727084,10,1,CD69+,1,1,1
395,913.2152144,72.83540208,425.5675625,2225.431875,533.2285465,77.82999583,178.7841313,1782.666667,1.174282813,48,1,CD69+,1,1,1
1120,911.4710882,74.55615664,419.2488671,2347.464406,713.5346232,76.67578322,291.351893,2129.463846,1.309889372,143,1,CD69+,1,1,1
452,862.8761593,71.78505402,387.4494138,2082.343103,609.97494,79.71622644,249.9160805,2057.026322,1.091671039,87,1,CD69+,1,1,1
412,793.7227893,79.65063631,422.2322611,2260.513057,572.0642773,79.55306879,211.5268153,1990.807643,1.038158355,157,1,CD69+,1,1,1
759,1317.88702,56.63383571,389.0908929,2534.391429,782.1945477,74.365425,223.0775714,2417.996429,0.938977276,28,0,CD69-,0,0,0
489,815.1676437,71.61888421,327.3003684,2049.129474,641.5168416,73.65559474,217.1022105,1829.655263,0.787865475,19,1,CD69+,1,1,1
900,1239.809657,55.15023864,284.7824545,2416.614091,742.5885224,75.02084091,199.4371114,2382.475682,1.004849911,44,0,CD69-,0,0,0
1169,726.45165,79.17536961,382.7117157,2040.804118,681.6910944,78.14474902,263.1503245,2225.520392,1.289601648,102,1,CD69+,1,1,1
251,1547.301579,49.04101351,456.6933311,2602.290203,738.4601988,74.93582365,184.1656054,2407.53473,0.974015503,148,0,CD69-,0,0,0
952,999.6288746,64.160935,266.3253,2320.1395,1018.699443,64.058345,281.96805,2341.271,0.806682518,20,0,CD69-,0,0,0
58,1310.395991,55.08263182,460.1173182,2356.048182,868.8528625,70.17448636,238.0311364,2367.421818,1.099699586,22,0,CD69-,0,0,0
533,1000.394986,71.41515938,458.5106563,2366.922813,438.2299021,81.13109688,141.018775,1723.189063,1.138589707,32,1,CD69+,1,1,1
479,1055.749909,74.26795417,550.669875,2557.345417,581.2062015,74.84905833,207.7914167,1696.147083,0.860387625,24,1,CD69+,1,1,1
590,1114.018079,55.32892857,277.0432857,2152.551429,524.6496924,81.9845,120.4751,2366.815714,1.168714519,7,0,CD69-,0,0,0
847,1225.786084,59.31581538,348.6202692,2510.528846,731.7669109,77.07836538,276.2474231,2289.672692,1.165252932,26,0,CD69-,0,0,0
434,908.3406644,72.63205294,418.1694118,2216.932941,692.6678414,77.15167647,310.8695294,1990.038824,1.095842801,17,1,CD69+,1,1,1
15,1211.811547,59.44359872,354.1095,2470.222179,646.5752357,78.84599487,183.6917141,2382.733846,0.917301199,78,0,CD69-,0,0,0
810,1098.892954,61.5874,252.5895,2456.195,691.2091709,76.29405,193.254,2287.06,1.236962724,2,0,CD69-,0,0,0
1193,1069.690771,67.41936667,408.3248974,2439.157436,781.3309397,78.94388462,355.0741718,2429.179487,1.357334352,39,1,CD69+,1,1,0
268,916.3392467,73.21613677,430.2445471,2237.070269,604.842653,81.60926323,228.0330632,2294.773722,1.130588213,223,0,CD69-,1,1,1
311,1100.335866,63.87132917,445.1620833,2272.331458,428.703402,86.28028958,156.9138167,2152.873125,1.14580007,48,1,CD69+,0,0,1
669,1224.751189,57.50193509,330.1984561,2435.784211,919.6010914,68.53226053,237.0040368,2430.530351,0.86057235,114,0,CD69-,0,0,0
881,1265.369224,57.72866795,356.1463718,2512.173462,794.5862145,73.83564744,212.4721269,2451.870256,0.776084777,78,0,CD69-,0,0,0
980,1135.201387,57.93100897,270.6632414,2333.995172,820.6953491,72.51580138,214.6467483,2461.525241,0.959027754,145,0,CD69-,0,0,0
905,1172.678735,58.92657297,306.6362703,2418.217297,917.4638498,69.0350027,234.5946297,2477.598919,1.014030562,37,0,CD69-,0,0,0
1027,988.924051,69.06063714,398.4462571,2309.004571,807.0955297,79.15872857,386.5436857,2426.630857,1.29944854,35,1,CD69+,1,1,1
852,1507.452476,49.61353636,448.2978364,2569.196545,834.2022192,73.20256909,241.5655873,2485.424545,1.059265318,55,0,CD69-,0,0,0
85,1309.103863,57.66159474,524.2222105,2402.083684,825.8737743,74.95477368,237.2953684,2616.118421,0.938415287,19,0,CD69-,0,0,0
192,1377.589242,51.87851827,349.9937308,2496.965769,498.2623682,81.30963077,142.6459875,2064.296923,1.061328178,104,0,CD69-,0,0,0
557,840.0552543,77.14355227,443.1619545,2202.886364,477.0889765,81.88218636,181.3558409,1853.325,1.142590268,44,1,CD69+,1,1,1
700,1168.565108,58.70217027,299.3596216,2408.403243,790.4182519,73.19074865,230.995027,2360.154865,0.878978191,37,0,CD69-,0,0,0
578,1357.285388,53.47322727,371.6375,2493.501818,540.0150018,82.28409091,154.4956364,2401.423636,1.027775584,22,0,CD69-,0,0,0
990,1433.909522,49.00801406,348.4305781,2481.94125,789.7211232,75.25094844,218.5670016,2559.425469,1.128831074,64,0,CD69-,0,0,0
187,1422.025575,52.09312117,373.9503358,2567.515474,425.9674491,84.35778686,95.55656131,2211.626496,1.016903305,137,0,CD69-,0,0,0
923,1253.190154,59.02964048,361.3447143,2540.569048,829.4595609,70.56741905,224.5834048,2295.458571,0.954428459,42,0,CD69-,0,0,0
103,1356.379614,53.51333529,328.8375294,2542.108235,953.3637235,68.70727647,288.9382882,2417.342353,0.988669848,17,0,CD69-,0,0,0
453,906.3498311,73.20157662,420.8567792,2238.884762,469.1139452,80.45723939,141.0712961,1824.115411,1.103116476,231,1,CD69+,1,1,1
60,989.0364235,67.05016061,317.7096061,2359.563333,887.591092,74.62645758,310.8266667,2615.481515,0.886617007,33,0,CD69-,1,0,0
895,1302.601469,55.94055318,334.0813818,2534.548136,917.4407526,69.52176773,227.3517114,2495.152182,0.972138519,220,0,CD69-,0,0,0
361,907.754604,73.99012459,428.2739836,2278.216311,568.8757294,79.72215984,201.5845328,2023.157049,1.120092373,122,1,CD69+,1,1,1
757,1419.348239,55.46178889,449.9946667,2629.485556,662.2195142,77.74446667,184.2473333,2349.206667,1.052425924,9,0,CD69-,0,0,0
283,1186.910643,62.39436444,356.3832667,2595.926444,501.3825218,81.63509333,133.0639089,2136.564889,0.908741826,45,0,CD69-,0,0,0
616,1287.313318,54.02262083,353.1934583,2387.273333,1062.390843,72.38823333,363.1512917,2942.585417,1.176108336,24,0,CD69-,0,0,0
953,1374.512538,54.51176429,382.2704286,2569.177857,627.7507351,79.16181429,186.7359571,2331.419286,1.169641406,14,0,CD69-,0,0,0
443,841.9613596,74.08699091,410.6865455,2094.037879,535.2216643,79.36802727,168.0168485,2021.596364,1.107348273,33,1,CD69+,1,1,1
840,1192.215146,54.18179683,299.3870476,2249.065079,880.8831582,70.61795238,201.0509524,2527.223175,0.854085115,63,0,CD69-,0,0,0
646,897.2563383,74.76007742,410.3236359,2347.140184,690.1296422,78.34168571,261.2852023,2294.629217,1.337977146,217,0,CD69-,1,1,1
481,933.3009389,74.06779512,472.3356341,2280.977805,649.7866202,77.52441951,247.2133659,2046.063171,0.971381327,41,1,CD69+,1,1,1
82,1238.953412,53.36245778,302.3356222,2306.804,622.5424468,78.91216,176.6965111,2286.825111,0.974168926,45,0,CD69-,0,0,0
416,918.9372474,73.345475,428.6204423,2272.778077,518.5192076,81.64869359,185.6614724,2018.071859,1.116292393,156,1,CD69+,1,1,1
743,1322.090372,53.67466447,355.4028026,2452.455263,865.6980258,75.4648,286.4907579,2677.259211,0.992295016,76,0,CD69-,0,0,0
704,1171.096111,54.23005682,303.5388409,2198.552045,890.4842516,72.05159091,279.7466591,2504.688182,1.058330055,44,0,CD69-,0,0,0
962,1371.341149,52.3087932,349.1963107,2497.232816,1608.85783,52.43586311,472.3361864,2883.67466,0.799074587,103,0,CD69-,0,0,0
435,1043.989166,68.68924803,442.7272303,2373.019803,585.2672672,79.37277961,225.5123816,1977.451184,1.046417113,152,1,CD69+,0,1,1
308,849.1955821,74.43489558,416.1680531,2121.593717,609.6228591,76.70687168,237.2100867,1849.004248,1.00871544,113,1,CD69+,1,1,1
1021,1259.859842,53.43602623,290.7663607,2373.915738,924.8015732,69.18271803,249.2285082,2461.403279,0.987925597,61,0,CD69-,0,0,0
467,827.1920742,77.24087117,422.8644356,2197.122147,605.480826,78.81863926,241.5878006,1980.498773,1.154154063,163,1,CD69+,1,1,1
987,1249.789485,56.99764494,293.9902022,2518.266966,690.5997792,76.2541382,183.3536517,2330.263146,1.046573762,89,0,CD69-,0,0,0
249,1434.141814,57.25782121,482.0839545,2712.001818,671.0066295,78.43292879,250.4958303,2205.752424,1.054110185,66,0,CD69-,0,0,0
769,1165.35929,56.36448,280.6606,2307.788,527.0645166,78.98134,135.9468,2003.99,1.127441492,5,0,CD69-,0,0,0
263,1529.781427,51.8093093,593.2854884,2577.397674,583.3429981,79.38451628,134.4571384,2335.047791,0.927820852,86,0,CD69-,0,0,0
442,692.5461845,76.65163093,308.1406495,1957.721753,675.7579276,72.3378134,199.6674639,1924.156289,0.899578706,97,1,CD69+,1,1,1
613,1193.186936,57.81691587,310.8548413,2409.530159,611.736361,79.7910254,175.6453286,2353.917778,1.035022355,63,0,CD69-,0,0,0
505,901.9852295,74.11486615,464.8293692,2202.529846,570.4804458,81.05880308,215.7311538,2120.025692,1.049040791,65,1,CD69+,1,1,1
122,1211.096777,54.85778824,338.2359632,2277.348603,960.9069968,68.22417206,250.2357941,2495.236765,0.847842459,136,0,CD69-,0,0,0
974,1281.072308,56.53385,346.671,2495.395,496.6873473,85.2087,150.77045,2469.61,1.314948751,2,0,CD69-,0,0,0
693,1167.290534,58.48391667,313.6618333,2372.317917,716.614794,71.9036,144.1352042,2199.986667,1.028181835,24,0,CD69-,0,0,0
929,1347.576119,51.71832273,309.699,2461.329091,725.684421,74.97687727,231.8073636,2206.804091,1.115026018,22,0,CD69-,0,0,0
686,1462.197816,51.19264948,406.9466598,2572.745464,950.5359649,70.71213608,288.528399,2584.937113,1.062666262,97,0,CD69-,0,0,0
310,906.4076672,74.54718846,475.3254423,2189.600962,457.3092515,80.97644231,170.1946538,1695.746154,1.10261585,52,1,CD69+,1,1,1
725,1489.770069,53.18050648,488.9123611,2660.700741,944.7934055,69.08342685,263.9698583,2476.018889,0.857962171,108,0,CD69-,0,0,0
513,1043.098476,65.99992143,376.2955714,2339.272857,423.8547145,79.90454286,134.8041714,1581.997143,0.996503757,14,1,CD69+,0,1,1
817,987.4308792,62.6603125,267.4120625,2199.685,658.620574,77.8979875,181.7735625,2381.164375,1.128947821,16,0,CD69-,0,0,0
1068,1060.22027,72.1477,488.544,2543.28,696.0790653,81.4785,371.9336667,2116.676667,1.443995288,3,1,CD69+,1,1,1
1137,951.6615218,71.72437403,419.0498442,2304.449481,734.967317,77.9638039,296.6096429,2322.18961,1.327832008,77,1,CD69+,1,1,1
349,955.7574552,72.282329,455.11203,2273.5978,622.6008956,77.769048,220.969985,2035.7041,1.01574939,100,1,CD69+,1,1,1
97,1221.354807,57.76701667,420.7656667,2317.718333,760.5437743,76.52526667,290.4471667,2310.555,1.106160508,6,0,CD69-,0,0,0
531,1022.488653,72.3472381,490.8321905,2420.051429,546.2788603,79.74254286,207.2192381,1904.832857,1.139656813,21,1,CD69+,1,1,1
766,1124.589645,58.69153628,299.7655044,2301.997788,875.0643689,69.20538496,219.5878204,2351.122124,0.695888927,113,0,CD69-,0,0,0
1052,958.0977999,72.38363452,396.6916071,2432.16131,652.6488625,79.59245952,248.7582857,2273.767976,1.294123804,84,1,CD69+,1,1,1
196,1324.328974,52.75112436,355.1943077,2412.195962,631.2739051,77.74767244,145.0254365,2333.187179,0.891290873,156,0,CD69-,0,0,0
824,1281.915856,54.8460102,328.1427551,2447.45398,779.2383428,73.51130918,192.549852,2446.641633,0.993563049,98,0,CD69-,0,0,0
183,1485.750617,57.7612775,550.929525,2805.95425,384.8918797,87.53554,119.638515,2260.776,1.112319561,40,0,CD69-,0,0,0
1173,913.1150631,71.5707,374.8245,2270.7425,695.3561325,77.2276,259.678,2197.09875,1.368742294,8,1,CD69+,1,1,1
1161,891.641126,75.30288298,407.1971277,2365.178936,645.9815559,80.3146,267.4569745,2207.747234,1.369462272,47,1,CD69+,1,1,1
422,829.8173751,72.62741931,365.4107724,2066.990966,573.0525206,79.08895448,194.5321655,2010.963379,1.027397678,145,1,CD69+,1,1,1
1147,1037.383633,69.902336,418.82256,2480.2312,801.672638,71.93584,205.332476,2349.4728,1.224540739,25,1,CD69+,1,1,0
642,731.1129574,75.65542692,204.503,2374.410385,763.1277099,75.90511923,208.597,2506.659231,1.009711977,26,0,CD69-,1,1,1
1113,842.108736,75.24737024,389.6481905,2211.255119,787.0078529,78.10717619,340.1141595,2467.358929,1.407535508,84,1,CD69+,1,1,1
175,1675.6664,48.16636613,608.0762742,2690.672903,700.4388576,75.83457419,164.9747645,2381.139516,0.975916664,62,0,CD69-,0,0,0
897,1093.030893,62.78880984,288.4627213,2453.009672,863.6275972,70.11775574,215.6676393,2385.992951,0.676508207,61,0,CD69-,0,0,0
81,1681.099688,57.06366364,758.3307273,2977.717273,541.7761024,82.74440909,162.0048818,2360.791818,1.023807433,11,0,CD69-,0,0,0
267,1494.242499,48.49466835,423.4043291,2506.298734,562.206771,81.39674051,157.0853975,2349.430886,1.032709687,79,0,CD69-,0,0,0
77,1214.324521,56.1531,317.1,2367.38,1236.611253,79.8651,783.841,3032.345,1.035586866,2,0,CD69-,0,1,0
1201,940.8762297,72.88598519,389.3632037,2426.472963,611.1410878,79.83515741,226.0558889,2174.852407,1.338305658,54,1,CD69+,1,1,1
772,1190.416824,58.37832692,327.8527308,2403.240385,738.9424594,72.78194231,176.1166154,2251.534615,0.580805328,26,0,CD69-,0,0,0
711,1308.055353,54.48358113,361.1567736,2444.122075,892.1311979,72.81361509,344.2494057,2442.340943,1.09089019,53,0,CD69-,0,0,0
861,1074.424611,56.14433182,250.0906818,2133.290455,846.1429632,76.94164545,312.1595909,2663.556818,1.084445036,22,0,CD69-,0,0,0
1163,698.3242991,81.16741259,367.3087778,2116.92037,755.490599,76.24513778,270.5475252,2333.829556,1.224068904,135,1,CD69+,1,1,1
1045,877.9965133,73.88591807,404.0519157,2217.044699,796.5259233,75.27426988,294.0362048,2354.222169,1.211961537,83,1,CD69+,1,1,1
866,1014.597553,61.82732167,256.1094667,2246.188667,852.196755,71.11526,237.35936,2378.054,0.818307911,60,0,CD69-,0,0,0
1041,827.9390807,78.27045526,413.1517105,2321.226053,673.1274808,78.57303158,256.6955649,2241.584912,1.330732542,114,1,CD69+,1,1,1
317,848.3887268,76.48157848,419.9888101,2257.441266,461.2330043,83.10826456,202.9279025,1803.609494,1.159127507,79,1,CD69+,1,1,1
597,1031.026861,69.26999403,406.8669925,2449.375522,558.2197334,82.80836119,218.3766963,2279.992313,1.279609978,134,0,CD69-,0,0,0
814,1126.192187,60.03068824,365.2125882,2280.381765,873.3634972,73.63022941,274.5721765,2585.924118,0.9998619,17,0,CD69-,0,0,0
117,1247.006979,56.39028077,331.2039038,2436.249231,570.578893,78.55005769,147.3931846,2134.139231,0.960958354,52,0,CD69-,0,0,0
1114,879.2406453,74.32114844,398.7053125,2277.730625,596.6360723,78.52570781,212.71825,2017.255,1.201482935,64,1,CD69+,1,1,1
294,1369.626669,54.33503137,407.0782598,2515.419804,510.0334296,81.48009167,137.3584676,2129.907696,1.107422852,204,0,CD69-,0,0,0
1025,974.8478506,72.58417857,435.4393571,2405.897143,1013.39938,78.98835714,462.2482857,3179.266429,1.423634221,14,1,CD69+,1,1,0
565,787.1240134,78.44763846,424.0624103,2147.231026,625.6650352,84.64368718,349.2513615,2106.54,1.155574085,39,1,CD69+,1,1,1
381,846.8913142,74.5585824,394.0410637,2180.637041,616.0591985,78.31381199,207.7645022,2108.915243,1.15519332,267,1,CD69+,1,1,1
2,1299.702237,52.5921073,358.5818613,2348.782701,684.3098751,75.08722482,167.6108861,2244.945839,0.737190226,137,0,CD69-,0,0,0
967,1306.90908,55.9363975,340.8532,2540.46675,792.5786612,73.2710625,213.7666525,2418.55125,1.11081086,40,0,CD69-,0,0,0
1072,1009.95622,71.51342895,449.1593684,2421.327368,700.5515872,78.69892368,296.3083237,2206.351316,1.376538058,38,1,CD69+,1,1,1
182,1013.227297,67.59626615,411.0926,2299.204,585.4467164,77.77577385,196.5717677,1961.877538,1.029363381,130,0,CD69-,1,1,1
512,866.2480356,75.74772069,421.7677126,2273.715057,490.1388154,82.04114598,181.4401701,1911.827816,1.00815121,87,1,CD69+,1,1,1
682,1261.83943,57.85058455,343.202,2527.514553,898.1260516,69.20345122,202.8846252,2466.019919,0.847251314,123,0,CD69-,0,0,0
879,1277.995161,55.32751429,300.826115,2491.58899,942.3116512,68.14547735,235.0838819,2460.271498,0.943713155,287,0,CD69-,0,0,0
1133,1180.583611,59.46353981,286.3805926,2493.359074,919.8373787,68.82362315,250.9265352,2420.203148,0.957437454,108,1,CD69+,0,0,0
622,1106.537247,61.55198043,331.5998913,2350.749783,814.15704,73.99178696,238.8257978,2458.85087,1.022713122,46,0,CD69-,0,0,0
1148,942.8809283,70.13537368,360.2037895,2310.756579,628.7663085,79.99923421,246.2350526,2174.378421,1.291494803,38,1,CD69+,1,1,1
406,853.2524212,77.33050159,435.0374444,2327.218254,525.4419189,78.57358889,159.0832651,1893.31746,1.016714896,63,1,CD69+,1,1,1
239,1295.724121,53.97250397,340.3814365,2421.347937,585.4733638,78.9275627,143.5343913,2240.69373,0.742484714,126,0,CD69-,0,0,0
110,1403.372521,51.48137907,355.158093,2515.499767,803.605339,73.88293721,182.4119023,2577.041628,1.006743775,86,0,CD69-,0,0,0
1023,982.0044208,69.80276429,417.5145714,2287.985,723.6080164,78.85692857,346.2467857,2174.341429,1.366433561,14,1,CD69+,1,1,1
1026,960.8823973,70.584805,397.45245,2318.2625,722.5255093,81.146745,337.608305,2418.009,1.362737754,20,1,CD69+,1,1,1
384,816.4835179,75.06794727,392.4142909,2091.742364,654.7785101,76.48205455,219.0812523,2077.098773,1.134117666,220,1,CD69+,1,1,1
535,1058.462495,67.91851515,519.9584848,2259.337879,407.6587757,84.98258182,142.6524242,1908.654242,1.066458151,33,1,CD69+,0,1,1
1001,1252.693613,55.41804762,312.7685952,2425.35119,894.5469429,72.92557619,235.643,2705.519524,1.034641363,42,0,CD69-,0,0,0
934,1336.573345,53.46735528,311.8606341,2516.327967,898.9548575,69.88062927,238.5153902,2448.674553,0.969311454,123,0,CD69-,0,0,0
1008,1145.115632,59.17914286,234.4532857,2466.207857,578.043087,77.62264286,122.7853286,2176.507857,1.033496833,14,0,CD69-,0,0,0
1180,940.9217117,72.62665185,405.769037,2366.931111,760.3481339,76.15955802,273.4007877,2387.605679,1.380573947,81,1,CD69+,1,1,1
200,965.670992,70.29275739,413.8661136,2273.457159,554.7968313,79.55542955,172.2320483,2052.441591,1.103183477,176,0,CD69-,1,1,1
474,814.5991486,76.72062784,414.4264433,2142.984845,660.7349905,77.58621392,242.6129345,2112.741856,1.131706908,194,1,CD69+,1,1,1
65,1407.985288,57.24689341,489.0546703,2666.675604,672.5891101,76.74277033,151.3648165,2394.41978,0.742936891,91,0,CD69-,0,0,0
703,1281.959678,57.16551857,379.9174714,2491.586714,778.4614996,74.26183429,255.2427,2303.145429,1.009228508,70,0,CD69-,0,0,0
1176,1013.01398,66.994136,400.13536,2257.5164,518.7790294,80.742932,174.6858,1967.8688,1.230432132,25,1,CD69+,1,1,1
272,1234.459278,55.63496667,301.1379097,2407.217778,741.8742961,75.10002222,179.3057222,2436.796736,0.738119311,144,0,CD69-,0,0,0
1049,1182.338749,61.99062,458.30148,2369.4176,624.1299687,81.17142,262.314588,2224.5612,1.325196506,25,1,CD69+,0,0,0
165,1225.58178,60.08180972,456.5568194,2384.505278,705.5244402,77.84334306,247.50625,2322.8975,1.19906106,72,1,CD69+,0,0,0
738,1273.171555,54.6500449,312.5273265,2436.377755,721.6093641,76.28150204,214.128398,2368.743673,0.949745775,49,0,CD69-,0,0,0
854,1053.631416,62.8207186,293.812907,2337.945465,769.3586352,74.58745349,210.671764,2422.547442,1.092037604,86,0,CD69-,0,0,0
1051,1002.348581,71.338618,409.3392,2477.1655,730.7887814,78.238403,286.871912,2380.6496,1.336343334,100,1,CD69+,1,1,1
943,1151.087692,59.22652,315.1135,2370.308333,937.196658,72.52961,353.7779,2537.217,1.189376038,30,0,CD69-,0,0,0
830,1054.815821,59.86084333,291.6805,2194.405333,939.6564752,71.38165,252.67723,2682.668333,1.235406846,30,0,CD69-,0,0,0
1084,734.6874936,80.61436667,378.1697381,2215.011429,705.4588645,79.71653571,322.7102619,2231.591667,1.421973745,42,1,CD69+,1,1,1
596,1172.375114,58.08569559,280.9976618,2407.162353,787.1638592,71.79648088,197.1548735,2304.477206,0.875461928,68,0,CD69-,0,0,0
1138,761.6119537,80.00683,402.1689,2195.599,753.2126611,77.542825,312.0736,2415.761,1.448204363,20,1,CD69+,1,1,1
188,1551.301852,51.22526558,524.1386818,2640.673247,570.0790624,79.46847532,133.5886253,2260.065649,0.953773699,154,0,CD69-,0,0,0
1103,957.0929563,69.59838333,379.6395,2278.551667,791.3994235,77.94145,376.4207,2348.698333,1.3938777,6,1,CD69+,1,1,1
674,1279.401743,57.97822787,358.5707213,2552.83082,731.6373028,75.2352541,212.5823836,2333.66377,0.982494563,61,0,CD69-,0,0,0
1000,1250.940977,55.90258111,331.4597111,2419.958222,849.3125757,71.48336889,223.9946556,2418.710556,0.859574584,90,0,CD69-,0,0,0
630,1205.736459,59.75448125,420.1120625,2381.835625,936.9572014,68.77135,269.31375,2431.26125,1.037848624,16,0,CD69-,0,0,0
427,971.4492725,68.29054516,385.8097097,2234.759355,540.045932,78.57755161,170.4617903,1898.574194,1.05989846,31,1,CD69+,1,1,1
